Millenium;1;0;Gentside;PRE MSI
Team LDLC;1;0;Asus ROG;PRE MSI
Gamers Origin;0;1;Solary;PRE MSI
Millenium;1;0;Asus ROG;PRE MSI
Gentside;1;0;Solary;PRE MSI
Team LDLC;1;0;Gamers Origin;PRE MSI
Millenium;1;0;Solary;PRE MSI
Asus ROG;0;1;Gamers Origin;PRE MSI
Gentside;1;0;Team LDLC;PRE MSI
Millenium;0;1;Gamers Origin;PRE MSI
Solary;0;1;Team LDLC;PRE MSI
Asus ROG;1;0;Gentside;PRE MSI
Millenium;1;0;Team LDLC;PRE MSI
Gamers Origin;1;0;Gentside;PRE MSI
Solary;0;1;Asus ROG;PRE MSI
Gentside;0;1;Millenium;PRE MSI
Asus ROG;1;0;Team LDLC;PRE MSI
Solary;0;1;Gamers Origin;PRE MSI
Asus ROG;0;1;Millenium;PRE MSI
Solary;1;0;Gentside;PRE MSI
Gamers Origin;1;0;Team LDLC;PRE MSI
Solary;0;1;Millenium;PRE MSI
Gamers Origin;1;0;Asus ROG;PRE MSI
Team LDLC;1;0;Gentside;PRE MSI
Gamers Origin;1;0;Millenium;PRE MSI
Team LDLC;1;0;Solary;PRE MSI
Gentside;0;1;Asus ROG;PRE MSI
Team LDLC;1;0;Millenium;PRE MSI
Gentside;0;1;Gamers Origin;PRE MSI
Asus ROG;0;1;Solary;PRE MSI
Gamers Origin;3;0;Asus ROG;PRE MSI
Millenium;3;2;Team LDLC;PRE MSI
Team LDLC;2;1;Asus ROG;PRE MSI
Griffin;2;0;APK Prince;PRE MSI
Gangwon;0;2;MVP;PRE MSI
bbq Olivers;2;0;I Gaming Star;PRE MSI
Gwangju City;1;2;Jin Air Green Wings;PRE MSI
DAMWON Gaming;2;1;Kongdoo Monster;PRE MSI
Gyeonggi;0;2;ROX Tigers;PRE MSI
Team Battlecomics;1;2;Ever8 Winners;PRE MSI
Afreeca Freecs;0;2;Griffin;PRE MSI
bbq Olivers;0;2;MVP;PRE MSI
Jin Air Green Wings;2;0;DAMWON Gaming;PRE MSI
ROX Tigers;1;2;Ever8 Winners;PRE MSI
Samsung Galaxy;2;0;MVP;PRE MSI
Ever8 Winners;0;2;KT Rolster;PRE MSI
Griffin;1;2;SK Telecom T1;PRE MSI
Jin Air Green Wings;1;2;Longzhu Gaming;PRE MSI
Samsung Galaxy;1;2;KT Rolster;PRE MSI
SK Telecom T1;0;2;Longzhu Gaming;PRE MSI
Longzhu Gaming;2;3;KT Rolster;PRE MSI
Gambit Esports;1;0;M19 Team;PRE MSI
Vaevictis eSports;0;1;Vega Squadron;PRE MSI
Team Just Alpha;0;1;RoX;PRE MSI
Dragon Army;1;0;Vega Squadron;PRE MSI
Elements Pro Gaming;0;1;Vaevictis eSports;PRE MSI
Team Just Alpha;0;1;Dragon Army;PRE MSI
Vega Squadron;1;0;Elements Pro Gaming;PRE MSI
RoX;0;1;Dragon Army;PRE MSI
Elements Pro Gaming;0;1;M19 Team;PRE MSI
RoX;1;0;Gambit Esports;PRE MSI
Vaevictis eSports;0;1;M19 Team;PRE MSI
Gambit Esports;1;0;Team Just Alpha;PRE MSI
Elements Pro Gaming;0;1;RoX;PRE MSI
Vega Squadron;0;1;M19 Team;PRE MSI
RoX;1;0;Vaevictis eSports;PRE MSI
Gambit Esports;1;0;Vega Squadron;PRE MSI
Vaevictis eSports;0;1;Team Just Alpha;PRE MSI
Gambit Esports;1;0;Dragon Army;PRE MSI
Team Just Alpha;1;0;Vega Squadron;PRE MSI
RoX;1;0;M19 Team;PRE MSI
Elements Pro Gaming;0;1;Team Just Alpha;PRE MSI
M19 Team;1;0;Dragon Army;PRE MSI
Gambit Esports;1;0;Elements Pro Gaming;PRE MSI
Vaevictis eSports;0;1;Dragon Army;PRE MSI
Dragon Army;1;0;Elements Pro Gaming;PRE MSI
RoX;1;0;Vega Squadron;PRE MSI
M19 Team;1;0;Elements Pro Gaming;PRE MSI
Vega Squadron;1;0;Vaevictis eSports;PRE MSI
Team Just Alpha;1;0;M19 Team;PRE MSI
Vaevictis eSports;0;1;Gambit Esports;PRE MSI
Dragon Army;0;1;RoX;PRE MSI
Elements Pro Gaming;1;0;Vega Squadron;PRE MSI
Gambit Esports;1;0;RoX;PRE MSI
Dragon Army;0;1;Team Just Alpha;PRE MSI
M19 Team;1;0;Vaevictis eSports;PRE MSI
Team Just Alpha;0;1;Gambit Esports;PRE MSI
Vega Squadron;0;1;Gambit Esports;PRE MSI
Team Just Alpha;1;0;Elements Pro Gaming;PRE MSI
Dragon Army;0;1;Gambit Esports;PRE MSI
M19 Team;0;1;Vega Squadron;PRE MSI
Vaevictis eSports;0;1;RoX;PRE MSI
Dragon Army;0;1;M19 Team;PRE MSI
Gambit Esports;1;0;Vaevictis eSports;PRE MSI
Elements Pro Gaming;1;0;Dragon Army;PRE MSI
M19 Team;0;1;RoX;PRE MSI
Team Just Alpha;1;0;Vaevictis eSports;PRE MSI
RoX;1;0;Elements Pro Gaming;PRE MSI
Vega Squadron;1;0;Team Just Alpha;PRE MSI
Vaevictis eSports;0;1;Elements Pro Gaming;PRE MSI
RoX;1;0;Team Just Alpha;PRE MSI
M19 Team;0;1;Gambit Esports;PRE MSI
Vega Squadron;0;1;Dragon Army;PRE MSI
M19 Team;1;0;Team Just Alpha;PRE MSI
Dragon Army;1;0;Vaevictis eSports;PRE MSI
Elements Pro Gaming;1;0;Gambit Esports;PRE MSI
Vega Squadron;0;1;RoX;PRE MSI
Dragon Army;0;1;Team Just Alpha;PRE MSI
Gambit Esports;1;0;RoX;PRE MSI
INTZ eSports;0;2;Vivo Keyd;PRE MSI
CNB e-Sports Club;0;2;KaBuM! e-Sports;PRE MSI
paiN Gaming;2;0;Team oNe eSports;PRE MSI
Red Canids;2;1;ProGaming eSports;PRE MSI
Red Canids;2;0;CNB e-Sports Club;PRE MSI
Team oNe eSports;2;1;INTZ eSports;PRE MSI
Vivo Keyd;0;2;ProGaming eSports;PRE MSI
KaBuM! e-Sports;2;1;paiN Gaming;PRE MSI
CNB e-Sports Club;2;1;paiN Gaming;PRE MSI
Team oNe eSports;0;2;Vivo Keyd;PRE MSI
KaBuM! e-Sports;2;0;Red Canids;PRE MSI
ProGaming eSports;2;0;INTZ eSports;PRE MSI
Vivo Keyd;2;1;paiN Gaming;PRE MSI
KaBuM! e-Sports;2;1;ProGaming eSports;PRE MSI
Team oNe eSports;0;2;Red Canids;PRE MSI
INTZ eSports;2;0;CNB e-Sports Club;PRE MSI
KaBuM! e-Sports;2;0;Team oNe eSports;PRE MSI
Vivo Keyd;0;2;Red Canids;PRE MSI
INTZ eSports;2;1;paiN Gaming;PRE MSI
ProGaming eSports;1;2;CNB e-Sports Club;PRE MSI
Red Canids;2;1;INTZ eSports;PRE MSI
paiN Gaming;1;2;ProGaming eSports;PRE MSI
CNB e-Sports Club;2;0;Team oNe eSports;PRE MSI
Vivo Keyd;2;0;KaBuM! e-Sports;PRE MSI
ProGaming eSports;0;2;Team oNe eSports;PRE MSI
CNB e-Sports Club;2;0;Vivo Keyd;PRE MSI
INTZ eSports;0;2;KaBuM! e-Sports;PRE MSI
paiN Gaming;0;2;Red Canids;PRE MSI
OpTic Gaming Academy;0;1;Team Liquid Academy;PRE MSI
FlyQuest Academy;1;0;TSM Academy;PRE MSI
CLG Academy;0;1;100 Thieves Academy;PRE MSI
Golden Guardians Academy;0;1;Cloud9 Academy;PRE MSI
Echo Fox Academy;1;0;Clutch Gaming Academy;PRE MSI
Team Liquid Academy;1;0;TSM Academy;PRE MSI
100 Thieves Academy;0;1;OpTic Gaming Academy;PRE MSI
Clutch Gaming Academy;1;0;Golden Guardians Academy;PRE MSI
Echo Fox Academy;1;0;FlyQuest Academy;PRE MSI
CLG Academy;0;1;Cloud9 Academy;PRE MSI
Echo Fox Academy;1;0;TSM Academy;PRE MSI
Cloud9 Academy;1;0;100 Thieves Academy;PRE MSI
OpTic Gaming Academy;0;1;FlyQuest Academy;PRE MSI
Golden Guardians Academy;1;0;CLG Academy;PRE MSI
Team Liquid Academy;0;1;Clutch Gaming Academy;PRE MSI
Clutch Gaming Academy;0;1;CLG Academy;PRE MSI
TSM Academy;1;0;OpTic Gaming Academy;PRE MSI
Cloud9 Academy;1;0;Echo Fox Academy;PRE MSI
Team Liquid Academy;1;0;100 Thieves Academy;PRE MSI
Golden Guardians Academy;0;1;FlyQuest Academy;PRE MSI
Echo Fox Academy;0;1;OpTic Gaming Academy;PRE MSI
TSM Academy;1;0;100 Thieves Academy;PRE MSI
Golden Guardians Academy;0;1;Team Liquid Academy;PRE MSI
Clutch Gaming Academy;1;0;Cloud9 Academy;PRE MSI
CLG Academy;0;1;FlyQuest Academy;PRE MSI
Echo Fox Academy;1;0;CLG Academy;PRE MSI
Cloud9 Academy;1;0;OpTic Gaming Academy;PRE MSI
Clutch Gaming Academy;0;1;100 Thieves Academy;PRE MSI
FlyQuest Academy;0;1;Team Liquid Academy;PRE MSI
TSM Academy;1;0;Golden Guardians Academy;PRE MSI
FlyQuest Academy;1;0;Cloud9 Academy;PRE MSI
Golden Guardians Academy;0;1;100 Thieves Academy;PRE MSI
TSM Academy;0;1;CLG Academy;PRE MSI
Echo Fox Academy;0;1;Team Liquid Academy;PRE MSI
OpTic Gaming Academy;0;1;Clutch Gaming Academy;PRE MSI
TSM Academy;1;0;Clutch Gaming Academy;PRE MSI
Cloud9 Academy;1;0;Team Liquid Academy;PRE MSI
OpTic Gaming Academy;1;0;CLG Academy;PRE MSI
100 Thieves Academy;0;1;FlyQuest Academy;PRE MSI
Golden Guardians Academy;1;0;Echo Fox Academy;PRE MSI
Clutch Gaming Academy;0;1;TSM Academy;PRE MSI
100 Thieves Academy;1;0;CLG Academy;PRE MSI
FlyQuest Academy;1;0;OpTic Gaming Academy;PRE MSI
Echo Fox Academy;0;1;Cloud9 Academy;PRE MSI
Team Liquid Academy;1;0;Golden Guardians Academy;PRE MSI
OpTic Gaming Academy;1;0;Golden Guardians Academy;PRE MSI
Cloud9 Academy;0;1;TSM Academy;PRE MSI
Clutch Gaming Academy;0;1;FlyQuest Academy;PRE MSI
100 Thieves Academy;0;1;Echo Fox Academy;PRE MSI
Team Liquid Academy;0;1;CLG Academy;PRE MSI
FlyQuest Academy;1;0;100 Thieves Academy;PRE MSI
OpTic Gaming Academy;1;0;TSM Academy;PRE MSI
Clutch Gaming Academy;0;1;Cloud9 Academy;PRE MSI
Echo Fox Academy;0;1;Team Liquid Academy;PRE MSI
CLG Academy;1;0;Golden Guardians Academy;PRE MSI
CLG Academy;0;1;Clutch Gaming Academy;PRE MSI
TSM Academy;0;1;Echo Fox Academy;PRE MSI
Team Liquid Academy;1;0;FlyQuest Academy;PRE MSI
100 Thieves Academy;0;1;Cloud9 Academy;PRE MSI
Golden Guardians Academy;0;1;OpTic Gaming Academy;PRE MSI
CLG Academy;1;0;Team Liquid Academy;PRE MSI
100 Thieves Academy;1;0;TSM Academy;PRE MSI
Cloud9 Academy;1;0;Golden Guardians Academy;PRE MSI
OpTic Gaming Academy;0;1;Echo Fox Academy;PRE MSI
FlyQuest Academy;1;0;Clutch Gaming Academy;PRE MSI
Clutch Gaming Academy;1;0;OpTic Gaming Academy;PRE MSI
Cloud9 Academy;0;1;CLG Academy;PRE MSI
Team Liquid Academy;1;0;100 Thieves Academy;PRE MSI
TSM Academy;0;1;FlyQuest Academy;PRE MSI
Golden Guardians Academy;0;1;Echo Fox Academy;PRE MSI
Team Liquid Academy;1;0;Clutch Gaming Academy;PRE MSI
FlyQuest Academy;1;0;Golden Guardians Academy;PRE MSI
Echo Fox Academy;0;1;CLG Academy;PRE MSI
Cloud9 Academy;1;0;TSM Academy;PRE MSI
OpTic Gaming Academy;0;1;100 Thieves Academy;PRE MSI
OpTic Gaming Academy;0;1;Cloud9 Academy;PRE MSI
FlyQuest Academy;0;1;CLG Academy;PRE MSI
Clutch Gaming Academy;0;1;Echo Fox Academy;PRE MSI
Team Liquid Academy;0;1;TSM Academy;PRE MSI
100 Thieves Academy;1;0;Golden Guardians Academy;PRE MSI
Team Liquid Academy;1;0;OpTic Gaming Academy;PRE MSI
Golden Guardians Academy;0;1;Clutch Gaming Academy;PRE MSI
Cloud9 Academy;1;0;FlyQuest Academy;PRE MSI
Echo Fox Academy;1;0;100 Thieves Academy;PRE MSI
TSM Academy;0;1;CLG Academy;PRE MSI
CLG Academy;1;0;OpTic Gaming Academy;PRE MSI
Team Liquid Academy;1;0;Cloud9 Academy;PRE MSI
Clutch Gaming Academy;1;0;100 Thieves Academy;PRE MSI
Golden Guardians Academy;0;1;TSM Academy;PRE MSI
FlyQuest Academy;0;1;Echo Fox Academy;PRE MSI
Team Liquid Academy;1;0;Cloud9 Academy;PRE MSI
G2 Esports;1;0;Misfits;PRE MSI
H2K;0;1;Team Vitality;PRE MSI
Unicorns Of Love;0;1;Giants;PRE MSI
Roccat;0;1;FC Schalke 04;PRE MSI
Fnatic;1;0;Splyce;PRE MSI
Giants;0;1;Team Vitality;PRE MSI
Unicorns Of Love;0;1;Splyce;PRE MSI
Fnatic;0;1;H2K;PRE MSI
G2 Esports;0;1;Roccat;PRE MSI
Misfits;1;0;FC Schalke 04;PRE MSI
Giants;1;0;G2 Esports;PRE MSI
Splyce;0;1;Roccat;PRE MSI
Misfits;1;0;H2K;PRE MSI
Fnatic;0;1;Team Vitality;PRE MSI
Unicorns Of Love;0;1;FC Schalke 04;PRE MSI
Giants;1;0;H2K;PRE MSI
Roccat;1;0;Unicorns Of Love;PRE MSI
Misfits;1;0;Team Vitality;PRE MSI
FC Schalke 04;0;1;Splyce;PRE MSI
Fnatic;1;0;G2 Esports;PRE MSI
Unicorns Of Love;1;0;H2K;PRE MSI
Giants;1;0;Roccat;PRE MSI
FC Schalke 04;0;1;Team Vitality;PRE MSI
G2 Esports;1;0;Splyce;PRE MSI
Fnatic;0;1;Misfits;PRE MSI
Unicorns Of Love;0;1;Team Vitality;PRE MSI
FC Schalke 04;1;0;Giants;PRE MSI
Roccat;0;1;Fnatic;PRE MSI
H2K;0;1;G2 Esports;PRE MSI
Misfits;0;1;Splyce;PRE MSI
H2K;0;1;Splyce;PRE MSI
Roccat;0;1;Team Vitality;PRE MSI
Giants;1;0;Misfits;PRE MSI
Fnatic;1;0;Unicorns Of Love;PRE MSI
G2 Esports;1;0;FC Schalke 04;PRE MSI
Splyce;0;1;Team Vitality;PRE MSI
FC Schalke 04;1;0;H2K;PRE MSI
Roccat;1;0;Misfits;PRE MSI
Fnatic;1;0;Giants;PRE MSI
G2 Esports;1;0;Unicorns Of Love;PRE MSI
Giants;0;1;Splyce;PRE MSI
Roccat;0;1;H2K;PRE MSI
Misfits;1;0;Unicorns Of Love;PRE MSI
G2 Esports;1;0;Team Vitality;PRE MSI
FC Schalke 04;0;1;Fnatic;PRE MSI
Unicorns Of Love;1;0;Giants;PRE MSI
Team Vitality;0;1;H2K;PRE MSI
FC Schalke 04;0;1;Roccat;PRE MSI
Misfits;0;1;G2 Esports;PRE MSI
Fnatic;1;0;Splyce;PRE MSI
Splyce;0;1;Unicorns Of Love;PRE MSI
Roccat;0;1;G2 Esports;PRE MSI
Fnatic;1;0;H2K;PRE MSI
Team Vitality;0;1;Giants;PRE MSI
FC Schalke 04;1;0;Misfits;PRE MSI
Unicorns Of Love;1;0;Roccat;PRE MSI
H2K;1;0;Giants;PRE MSI
Splyce;1;0;FC Schalke 04;PRE MSI
G2 Esports;0;1;Fnatic;PRE MSI
Misfits;1;0;Team Vitality;PRE MSI
Roccat;1;0;Giants;PRE MSI
Unicorns Of Love;1;0;H2K;PRE MSI
Splyce;1;0;G2 Esports;PRE MSI
FC Schalke 04;0;1;Team Vitality;PRE MSI
Misfits;1;0;Fnatic;PRE MSI
Roccat;0;1;Splyce;PRE MSI
Unicorns Of Love;1;0;FC Schalke 04;PRE MSI
H2K;1;0;Misfits;PRE MSI
Fnatic;1;0;Team Vitality;PRE MSI
G2 Esports;1;0;Giants;PRE MSI
Unicorns Of Love;0;1;Team Vitality;PRE MSI
Giants;0;1;FC Schalke 04;PRE MSI
Misfits;0;1;Splyce;PRE MSI
G2 Esports;0;1;H2K;PRE MSI
Fnatic;1;0;Roccat;PRE MSI
Giants;1;0;Misfits;PRE MSI
H2K;0;1;Splyce;PRE MSI
Roccat;1;0;Team Vitality;PRE MSI
Fnatic;1;0;Unicorns Of Love;PRE MSI
FC Schalke 04;1;0;G2 Esports;PRE MSI
Team Vitality;1;0;Splyce;PRE MSI
FC Schalke 04;0;1;H2K;PRE MSI
Misfits;0;1;Roccat;PRE MSI
Unicorns Of Love;0;1;G2 Esports;PRE MSI
Fnatic;1;0;Giants;PRE MSI
Giants;0;1;Splyce;PRE MSI
Roccat;0;1;H2K;PRE MSI
Unicorns Of Love;0;1;Misfits;PRE MSI
G2 Esports;1;0;Team Vitality;PRE MSI
Fnatic;1;0;FC Schalke 04;PRE MSI
Splyce;0;1;G2 Esports;PRE MSI
Hall of Fame;0;2;EVOS Esports;PRE MSI
Young Generation;2;1;FTV Esports;PRE MSI
Ultimate;2;1;Cherry Gaming;PRE MSI
GIGABYTE Marines;2;0;FFQTV Gaming;PRE MSI
Young Generation;2;0;Cherry Gaming;PRE MSI
EVOS Esports;2;0;Ultimate;PRE MSI
FTV Esports;0;2;GIGABYTE Marines;PRE MSI
FFQTV Gaming;2;0;Hall of Fame;PRE MSI
FTV Esports;0;2;Ultimate;PRE MSI
FFQTV Gaming;1;2;Cherry Gaming;PRE MSI
Young Generation;1;2;EVOS Esports;PRE MSI
GIGABYTE Marines;2;0;Hall of Fame;PRE MSI
EVOS Esports;2;0;FFQTV Gaming;PRE MSI
Ultimate;1;2;GIGABYTE Marines;PRE MSI
Cherry Gaming;0;2;FTV Esports;PRE MSI
Hall of Fame;0;2;Young Generation;PRE MSI
Cherry Gaming;2;0;Hall of Fame;PRE MSI
FFQTV Gaming;2;1;FTV Esports;PRE MSI
Ultimate;2;1;Young Generation;PRE MSI
EVOS Esports;2;0;GIGABYTE Marines;PRE MSI
Cherry Gaming;0;2;EVOS Esports;PRE MSI
GIGABYTE Marines;0;2;Young Generation;PRE MSI
Hall of Fame;0;2;FTV Esports;PRE MSI
Ultimate;2;1;FFQTV Gaming;PRE MSI
Hall of Fame;0;2;Ultimate;PRE MSI
GIGABYTE Marines;2;0;Cherry Gaming;PRE MSI
FTV Esports;1;2;EVOS Esports;PRE MSI
Young Generation;2;0;FFQTV Gaming;PRE MSI
Cherry Gaming;2;0;Young Generation;PRE MSI
Ultimate;1;2;EVOS Esports;PRE MSI
GIGABYTE Marines;2;1;FTV Esports;PRE MSI
Hall of Fame;1;2;FFQTV Gaming;PRE MSI
EVOS Esports;1;2;Cherry Gaming;PRE MSI
FFQTV Gaming;2;1;Ultimate;PRE MSI
FTV Esports;2;0;Hall of Fame;PRE MSI
Young Generation;1;2;GIGABYTE Marines;PRE MSI
Ultimate;2;0;FTV Esports;PRE MSI
Hall of Fame;0;2;GIGABYTE Marines;PRE MSI
Cherry Gaming;2;0;FFQTV Gaming;PRE MSI
EVOS Esports;1;2;Young Generation;PRE MSI
FTV Esports;2;1;Cherry Gaming;PRE MSI
GIGABYTE Marines;0;2;Ultimate;PRE MSI
Young Generation;0;2;Hall of Fame;PRE MSI
FFQTV Gaming;0;2;EVOS Esports;PRE MSI
Cherry Gaming;2;1;GIGABYTE Marines;PRE MSI
Ultimate;2;0;Hall of Fame;PRE MSI
EVOS Esports;2;0;FTV Esports;PRE MSI
FFQTV Gaming;2;1;Young Generation;PRE MSI
Hall of Fame;0;2;Cherry Gaming;PRE MSI
Young Generation;2;1;Ultimate;PRE MSI
FTV Esports;2;0;FFQTV Gaming;PRE MSI
GIGABYTE Marines;0;2;EVOS Esports;PRE MSI
Cherry Gaming;1;2;Ultimate;PRE MSI
EVOS Esports;2;0;Hall of Fame;PRE MSI
FTV Esports;0;2;Young Generation;PRE MSI
FFQTV Gaming;1;2;GIGABYTE Marines;PRE MSI
Dire Wolves;2;1;Chiefs eSports Club;PRE MSI
Order;2;0;Tectonic;PRE MSI
Sin Gaming;0;2;Legacy eSports;PRE MSI
Bombers;0;2;Avant Gaming;PRE MSI
Bombers;0;2;Order;PRE MSI
Avant Gaming;0;2;Chiefs eSports Club;PRE MSI
Dire Wolves;2;0;Sin Gaming;PRE MSI
Legacy eSports;2;0;Tectonic;PRE MSI
Chiefs eSports Club;2;0;Tectonic;PRE MSI
Order;2;0;Sin Gaming;PRE MSI
Avant Gaming;2;0;Legacy eSports;PRE MSI
Dire Wolves;2;0;Bombers;PRE MSI
Avant Gaming;2;1;Tectonic;PRE MSI
Chiefs eSports Club;2;1;Legacy eSports;PRE MSI
Bombers;1;2;Sin Gaming;PRE MSI
Dire Wolves;2;1;Order;PRE MSI
Legacy eSports;1;2;Avant Gaming;PRE MSI
Bombers;0;2;Dire Wolves;PRE MSI
Order;2;0;Bombers;PRE MSI
Chiefs eSports Club;2;0;Avant Gaming;PRE MSI
Sin Gaming;0;2;Dire Wolves;PRE MSI
Tectonic;0;2;Legacy eSports;PRE MSI
Tectonic;0;2;Chiefs eSports Club;PRE MSI
Sin Gaming;0;2;Order;PRE MSI
Avant Gaming;0;2;Order;PRE MSI
Legacy eSports;1;2;Dire Wolves;PRE MSI
Sin Gaming;0;2;Chiefs eSports Club;PRE MSI
Bombers;2;0;Tectonic;PRE MSI
Tectonic;0;2;Avant Gaming;PRE MSI
Sin Gaming;1;2;Bombers;PRE MSI
Legacy eSports;0;2;Chiefs eSports Club;PRE MSI
Order;1;2;Dire Wolves;PRE MSI
Order;1;2;Legacy eSports;PRE MSI
Avant Gaming;2;1;Sin Gaming;PRE MSI
Tectonic;0;2;Dire Wolves;PRE MSI
Chiefs eSports Club;2;0;Bombers;PRE MSI
Legacy eSports;2;0;Bombers;PRE MSI
Dire Wolves;2;0;Avant Gaming;PRE MSI
Chiefs eSports Club;1;2;Order;PRE MSI
Tectonic;1;2;Sin Gaming;PRE MSI
Team Liquid;1;0;Team SoloMid;PRE MSI
100 Thieves;1;0;OpTic Gaming;PRE MSI
Clutch Gaming;1;0;Golden Guardians;PRE MSI
Echo Fox;1;0;FlyQuest;PRE MSI
Counter Logic Gaming;0;1;Cloud9;PRE MSI
OpTic Gaming;0;1;Team Liquid;PRE MSI
FlyQuest;1;0;Team SoloMid;PRE MSI
100 Thieves;1;0;Counter Logic Gaming;PRE MSI
Golden Guardians;0;1;Cloud9;PRE MSI
Echo Fox;1;0;Clutch Gaming;PRE MSI
Clutch Gaming;1;0;Counter Logic Gaming;PRE MSI
Team SoloMid;1;0;OpTic Gaming;PRE MSI
Cloud9;0;1;Echo Fox;PRE MSI
100 Thieves;1;0;Team Liquid;PRE MSI
Golden Guardians;0;1;FlyQuest;PRE MSI
Echo Fox;1;0;Team SoloMid;PRE MSI
Cloud9;1;0;100 Thieves;PRE MSI
OpTic Gaming;1;0;FlyQuest;PRE MSI
Golden Guardians;0;1;Counter Logic Gaming;PRE MSI
Team Liquid;1;0;Clutch Gaming;PRE MSI
Counter Logic Gaming;1;0;Echo Fox;PRE MSI
Cloud9;1;0;OpTic Gaming;PRE MSI
Clutch Gaming;0;1;100 Thieves;PRE MSI
FlyQuest;0;1;Team Liquid;PRE MSI
Team SoloMid;1;0;Golden Guardians;PRE MSI
Echo Fox;1;0;OpTic Gaming;PRE MSI
100 Thieves;0;1;Team SoloMid;PRE MSI
Golden Guardians;0;1;Team Liquid;PRE MSI
Clutch Gaming;0;1;Cloud9;PRE MSI
Counter Logic Gaming;1;0;FlyQuest;PRE MSI
Team SoloMid;0;1;Clutch Gaming;PRE MSI
Team Liquid;0;1;Cloud9;PRE MSI
OpTic Gaming;1;0;Counter Logic Gaming;PRE MSI
100 Thieves;0;1;FlyQuest;PRE MSI
Echo Fox;1;0;Golden Guardians;PRE MSI
Cloud9;1;0;FlyQuest;PRE MSI
100 Thieves;0;1;Golden Guardians;PRE MSI
Team SoloMid;1;0;Counter Logic Gaming;PRE MSI
Team Liquid;0;1;Echo Fox;PRE MSI
OpTic Gaming;0;1;Clutch Gaming;PRE MSI
Counter Logic Gaming;0;1;Team Liquid;PRE MSI
Echo Fox;1;0;100 Thieves;PRE MSI
Cloud9;1;0;Team SoloMid;PRE MSI
Clutch Gaming;1;0;FlyQuest;PRE MSI
OpTic Gaming;1;0;Golden Guardians;PRE MSI
Clutch Gaming;1;0;Team SoloMid;PRE MSI
Golden Guardians;1;0;Team Liquid;PRE MSI
Echo Fox;1;0;Cloud9;PRE MSI
100 Thieves;1;0;Counter Logic Gaming;PRE MSI
FlyQuest;1;0;OpTic Gaming;PRE MSI
100 Thieves;1;0;Cloud9;PRE MSI
Counter Logic Gaming;0;1;Clutch Gaming;PRE MSI
Team SoloMid;1;0;Echo Fox;PRE MSI
Golden Guardians;0;1;OpTic Gaming;PRE MSI
Team Liquid;1;0;FlyQuest;PRE MSI
OpTic Gaming;0;1;Team SoloMid;PRE MSI
FlyQuest;0;1;100 Thieves;PRE MSI
Echo Fox;1;0;Team Liquid;PRE MSI
Counter Logic Gaming;0;1;Golden Guardians;PRE MSI
Cloud9;1;0;Clutch Gaming;PRE MSI
Team Liquid;1;0;100 Thieves;PRE MSI
Team SoloMid;1;0;FlyQuest;PRE MSI
Counter Logic Gaming;1;0;Cloud9;PRE MSI
Golden Guardians;1;0;Echo Fox;PRE MSI
Clutch Gaming;1;0;OpTic Gaming;PRE MSI
Counter Logic Gaming;1;0;Team Liquid;PRE MSI
OpTic Gaming;0;1;Echo Fox;PRE MSI
100 Thieves;1;0;Team SoloMid;PRE MSI
Cloud9;1;0;Golden Guardians;PRE MSI
FlyQuest;0;1;Clutch Gaming;PRE MSI
Clutch Gaming;1;0;Echo Fox;PRE MSI
FlyQuest;0;1;Counter Logic Gaming;PRE MSI
OpTic Gaming;0;1;Cloud9;PRE MSI
Team SoloMid;1;0;Team Liquid;PRE MSI
100 Thieves;1;0;Golden Guardians;PRE MSI
Echo Fox;0;1;Counter Logic Gaming;PRE MSI
FlyQuest;1;0;Golden Guardians;PRE MSI
Clutch Gaming;0;1;Team Liquid;PRE MSI
Cloud9;0;1;Team SoloMid;PRE MSI
OpTic Gaming;0;1;100 Thieves;PRE MSI
100 Thieves;1;0;Clutch Gaming;PRE MSI
FlyQuest;0;1;Echo Fox;PRE MSI
Team Liquid;1;0;Cloud9;PRE MSI
Golden Guardians;0;1;Team SoloMid;PRE MSI
Counter Logic Gaming;0;1;OpTic Gaming;PRE MSI
Cloud9;0;1;FlyQuest;PRE MSI
Golden Guardians;0;1;Clutch Gaming;PRE MSI
Counter Logic Gaming;0;1;Team SoloMid;PRE MSI
100 Thieves;1;0;Echo Fox;PRE MSI
Team Liquid;1;0;OpTic Gaming;PRE MSI
100 Thieves;1;0;Echo Fox;PRE MSI
Team Liquid;1;0;Cloud9;PRE MSI
Team SoloMid;1;0;Clutch Gaming;PRE MSI
Team Liquid;0;1;Team SoloMid;PRE MSI
Cloud9;1;0;Clutch Gaming;PRE MSI
Rainbow7;0;1;Predators eSports;PRE MSI
Gaming Gaming;0;1;Infinity eSports;PRE MSI
6Sense;1;0;Zaga Talent Gaming;PRE MSI
Rainbow7;1;0;Infinity eSports;PRE MSI
Dash9 Gaming;1;0;Zaga Talent Gaming;PRE MSI
Gaming Gaming;0;1;Predators eSports;PRE MSI
6Sense;0;1;Rainbow7;PRE MSI
Predators eSports;1;0;Zaga Talent Gaming;PRE MSI
6Sense;0;1;Dash9 Gaming;PRE MSI
Predators eSports;1;0;6Sense;PRE MSI
Zaga Talent Gaming;1;0;Gaming Gaming;PRE MSI
Infinity eSports;1;0;Dash9 Gaming;PRE MSI
Infinity eSports;1;0;Predators eSports;PRE MSI
Zaga Talent Gaming;0;1;Rainbow7;PRE MSI
Infinity eSports;1;0;6Sense;PRE MSI
Dash9 Gaming;1;0;Gaming Gaming;PRE MSI
Gaming Gaming;1;0;6Sense;PRE MSI
Dash9 Gaming;0;1;Rainbow7;PRE MSI
Rainbow7;1;0;Gaming Gaming;PRE MSI
Predators eSports;0;1;Dash9 Gaming;PRE MSI
Zaga Talent Gaming;0;1;Infinity eSports;PRE MSI
6Sense;1;0;Infinity eSports;PRE MSI
Dash9 Gaming;1;0;Predators eSports;PRE MSI
Rainbow7;0;1;Zaga Talent Gaming;PRE MSI
Dash9 Gaming;0;1;Infinity eSports;PRE MSI
Gaming Gaming;1;0;Dash9 Gaming;PRE MSI
Infinity eSports;0;1;Rainbow7;PRE MSI
Zaga Talent Gaming;0;1;Predators eSports;PRE MSI
6Sense;0;1;Gaming Gaming;PRE MSI
Predators eSports;0;1;Rainbow7;PRE MSI
Infinity eSports;1;0;Zaga Talent Gaming;PRE MSI
Dash9 Gaming;1;0;6Sense;PRE MSI
Gaming Gaming;0;1;Rainbow7;PRE MSI
Predators eSports;1;0;Infinity eSports;PRE MSI
Predators eSports;1;0;Gaming Gaming;PRE MSI
Zaga Talent Gaming;1;0;6Sense;PRE MSI
Rainbow7;1;0;Dash9 Gaming;PRE MSI
Rainbow7;1;0;6Sense;PRE MSI
Gaming Gaming;1;0;Zaga Talent Gaming;PRE MSI
Zaga Talent Gaming;0;1;Dash9 Gaming;PRE MSI
6Sense;1;0;Predators eSports;PRE MSI
Infinity eSports;0;1;Gaming Gaming;PRE MSI
Zaga Talent Gaming;0;1;6Sense;PRE MSI
Rebirth eSports;1;0;Legatum;PRE MSI
Dark Horse;1;0;Universidad Catolica;PRE MSI
Furious Gaming;1;0;Hafnet eSports;PRE MSI
Isurus Gaming;1;0;Kaos Latin Gamers;PRE MSI
Hafnet eSports;1;0;Universidad Catolica;PRE MSI
Rebirth eSports;1;0;Kaos Latin Gamers;PRE MSI
Dark Horse;0;1;Legatum;PRE MSI
Furious Gaming;1;0;Isurus Gaming;PRE MSI
Isurus Gaming;1;0;Rebirth eSports;PRE MSI
Legatum;0;1;Hafnet eSports;PRE MSI
Universidad Catolica;0;1;Furious Gaming;PRE MSI
Kaos Latin Gamers;1;0;Dark Horse;PRE MSI
Dark Horse;0;1;Rebirth eSports;PRE MSI
Universidad Catolica;0;1;Isurus Gaming;PRE MSI
Hafnet eSports;0;1;Kaos Latin Gamers;PRE MSI
Legatum;1;0;Furious Gaming;PRE MSI
Universidad Catolica;1;0;Legatum;PRE MSI
Rebirth eSports;0;1;Hafnet eSports;PRE MSI
Isurus Gaming;1;0;Dark Horse;PRE MSI
Furious Gaming;0;1;Kaos Latin Gamers;PRE MSI
Furious Gaming;0;1;Rebirth eSports;PRE MSI
Kaos Latin Gamers;1;0;Universidad Catolica;PRE MSI
Hafnet eSports;1;0;Dark Horse;PRE MSI
Legatum;0;1;Isurus Gaming;PRE MSI
Isurus Gaming;1;0;Hafnet eSports;PRE MSI
Universidad Catolica;0;1;Rebirth eSports;PRE MSI
Dark Horse;0;1;Furious Gaming;PRE MSI
Kaos Latin Gamers;1;0;Legatum;PRE MSI
Legatum;0;1;Rebirth eSports;PRE MSI
Universidad Catolica;1;0;Dark Horse;PRE MSI
Hafnet eSports;1;0;Furious Gaming;PRE MSI
Kaos Latin Gamers;1;0;Isurus Gaming;PRE MSI
Universidad Catolica;1;0;Hafnet eSports;PRE MSI
Kaos Latin Gamers;0;1;Rebirth eSports;PRE MSI
Legatum;1;0;Dark Horse;PRE MSI
Isurus Gaming;1;0;Furious Gaming;PRE MSI
Rebirth eSports;1;0;Isurus Gaming;PRE MSI
Hafnet eSports;1;0;Legatum;PRE MSI
Furious Gaming;1;0;Universidad Catolica;PRE MSI
Dark Horse;0;1;Kaos Latin Gamers;PRE MSI
Rebirth eSports;1;0;Dark Horse;PRE MSI
Isurus Gaming;1;0;Universidad Catolica;PRE MSI
Kaos Latin Gamers;1;0;Hafnet eSports;PRE MSI
Furious Gaming;1;0;Legatum;PRE MSI
Legatum;1;0;Universidad Catolica;PRE MSI
Hafnet eSports;0;1;Rebirth eSports;PRE MSI
Dark Horse;1;0;Isurus Gaming;PRE MSI
Kaos Latin Gamers;1;0;Furious Gaming;PRE MSI
Rebirth eSports;1;0;Furious Gaming;PRE MSI
Universidad Catolica;0;1;Kaos Latin Gamers;PRE MSI
Dark Horse;0;1;Hafnet eSports;PRE MSI
Isurus Gaming;0;1;Legatum;PRE MSI
Hafnet eSports;1;0;Isurus Gaming;PRE MSI
Rebirth eSports;1;0;Universidad Catolica;PRE MSI
Furious Gaming;1;0;Dark Horse;PRE MSI
Legatum;0;1;Kaos Latin Gamers;PRE MSI
Rebirth eSports;1;0;Legatum;PRE MSI
Universidad Catolica;1;0;Dark Horse;PRE MSI
Furious Gaming;1;0;Hafnet eSports;PRE MSI
Kaos Latin Gamers;0;1;Isurus Gaming;PRE MSI
Hafnet eSports;0;1;Universidad Catolica;PRE MSI
Rebirth eSports;1;0;Kaos Latin Gamers;PRE MSI
Dark Horse;1;0;Legatum;PRE MSI
Isurus Gaming;1;0;Furious Gaming;PRE MSI
Isurus Gaming;1;0;Rebirth eSports;PRE MSI
Hafnet eSports;0;1;Legatum;PRE MSI
Furious Gaming;1;0;Universidad Catolica;PRE MSI
Kaos Latin Gamers;1;0;Dark Horse;PRE MSI
Dark Horse;0;1;Rebirth eSports;PRE MSI
Isurus Gaming;1;0;Universidad Catolica;PRE MSI
Kaos Latin Gamers;1;0;Hafnet eSports;PRE MSI
Furious Gaming;1;0;Legatum;PRE MSI
Universidad Catolica;0;1;Legatum;PRE MSI
Hafnet eSports;0;1;Rebirth eSports;PRE MSI
Isurus Gaming;1;0;Dark Horse;PRE MSI
Kaos Latin Gamers;1;0;Furious Gaming;PRE MSI
Rebirth eSports;1;0;Furious Gaming;PRE MSI
Universidad Catolica;0;1;Kaos Latin Gamers;PRE MSI
Hafnet eSports;1;0;Dark Horse;PRE MSI
Isurus Gaming;1;0;Legatum;PRE MSI
Isurus Gaming;1;0;Hafnet eSports;PRE MSI
Universidad Catolica;0;1;Rebirth eSports;PRE MSI
Furious Gaming;1;0;Dark Horse;PRE MSI
Kaos Latin Gamers;1;0;Legatum;PRE MSI
MAD Lions E.C.;2;0;Giants Gaming LVP;PRE MSI
MAD Lions E.C.;2;0;G2 Vodafone;PRE MSI
Asus ROG Army;2;0;Penguins;PRE MSI
Movistar Riders;2;0;MAD Lions E.C.;PRE MSI
Penguins;2;0;KIYF;PRE MSI
Asus ROG Army;0;2;MAD Lions E.C.;PRE MSI
Penguins;0;2;Giants Gaming LVP;PRE MSI
MAD Lions E.C.;2;0;E-Monkeyz Club;PRE MSI
KIYF;0;2;Asus ROG Army;PRE MSI
MAD Lions E.C.;2;0;Penguins;PRE MSI
Asus ROG Army;0;2;Giants Gaming LVP;PRE MSI
G2 Vodafone;2;0;KIYF;PRE MSI
Movistar Riders;2;0;Asus ROG Army;PRE MSI
KIYF;0;2;MAD Lions E.C.;PRE MSI
Giants Gaming LVP;2;0;MAD Lions E.C.;PRE MSI
Asus ROG Army;2;0;E-Monkeyz Club;PRE MSI
Penguins;0;2;G2 Vodafone;PRE MSI
Penguins;0;2;Asus ROG Army;PRE MSI
KIYF;2;0;E-Monkeyz Club;PRE MSI
G2 Vodafone;0;2;MAD Lions E.C.;PRE MSI
G2 Vodafone;2;0;Asus ROG Army;PRE MSI
KIYF;2;0;Penguins;PRE MSI
E-Monkeyz Club;0;2;Giants Gaming LVP;PRE MSI
E-Monkeyz Club;0;2;G2 Vodafone;PRE MSI
KIYF;0;2;Giants Gaming LVP;PRE MSI
MAD Lions E.C.;2;0;Asus ROG Army;PRE MSI
Giants Gaming LVP;2;0;Penguins;PRE MSI
G2 Vodafone;0;2;Movistar Riders;PRE MSI
E-Monkeyz Club;0;2;MAD Lions E.C.;PRE MSI
Asus ROG Army;2;0;KIYF;PRE MSI
Movistar Riders;2;0;E-Monkeyz Club;PRE MSI
Giants Gaming LVP;2;0;Asus ROG Army;PRE MSI
KIYF;0;2;G2 Vodafone;PRE MSI
E-Monkeyz Club;0;2;Penguins;PRE MSI
Giants Gaming LVP;2;0;G2 Vodafone;PRE MSI
MAD Lions E.C.;3;1;G2 Vodafone;PRE MSI
Movistar Riders;3;1;Giants Gaming LVP;PRE MSI
MAD Lions E.C.;3;0;Movistar Riders;PRE MSI
Kingzone DragonX;0;2;KSV eSports;PRE MSI
Kongdoo Monster;2;0;MVP;PRE MSI
Afreeca Freecs;2;1;KT Rolster;PRE MSI
SK Telecom T1;2;1;ROX Tigers;PRE MSI
Kongdoo Monster;1;2;bbq Olivers;PRE MSI
Jin Air Green Wings;0;2;KSV eSports;PRE MSI
KT Rolster;2;0;MVP;PRE MSI
Jin Air Green Wings;2;1;SK Telecom T1;PRE MSI
Afreeca Freecs;0;2;Kingzone DragonX;PRE MSI
bbq Olivers;1;2;ROX Tigers;PRE MSI
Jin Air Green Wings;2;0;MVP;PRE MSI
KT Rolster;2;1;SK Telecom T1;PRE MSI
ROX Tigers;2;1;Kongdoo Monster;PRE MSI
KSV eSports;2;1;Afreeca Freecs;PRE MSI
Kingzone DragonX;2;0;SK Telecom T1;PRE MSI
KT Rolster;2;1;bbq Olivers;PRE MSI
KSV eSports;0;2;Kongdoo Monster;PRE MSI
ROX Tigers;0;2;Afreeca Freecs;PRE MSI
bbq Olivers;2;0;Jin Air Green Wings;PRE MSI
MVP;0;2;Kingzone DragonX;PRE MSI
MVP;0;2;KSV eSports;PRE MSI
Kongdoo Monster;0;2;Jin Air Green Wings;PRE MSI
Kingzone DragonX;2;0;ROX Tigers;PRE MSI
Afreeca Freecs;2;0;bbq Olivers;PRE MSI
KT Rolster;2;0;Jin Air Green Wings;PRE MSI
MVP;2;1;SK Telecom T1;PRE MSI
Kingzone DragonX;2;0;Kongdoo Monster;PRE MSI
KSV eSports;2;1;bbq Olivers;PRE MSI
ROX Tigers;1;2;KT Rolster;PRE MSI
SK Telecom T1;0;2;Afreeca Freecs;PRE MSI
ROX Tigers;2;1;KSV eSports;PRE MSI
Kongdoo Monster;0;2;Afreeca Freecs;PRE MSI
bbq Olivers;1;2;SK Telecom T1;PRE MSI
KT Rolster;0;2;Kingzone DragonX;PRE MSI
Afreeca Freecs;2;0;MVP;PRE MSI
Jin Air Green Wings;1;2;ROX Tigers;PRE MSI
Jin Air Green Wings;0;2;Kingzone DragonX;PRE MSI
bbq Olivers;0;2;MVP;PRE MSI
SK Telecom T1;2;0;KSV eSports;PRE MSI
Kongdoo Monster;0;2;KT Rolster;PRE MSI
SK Telecom T1;2;1;Kongdoo Monster;PRE MSI
KSV eSports;0;2;KT Rolster;PRE MSI
Afreeca Freecs;0;2;Jin Air Green Wings;PRE MSI
MVP;0;2;ROX Tigers;PRE MSI
bbq Olivers;2;1;Kingzone DragonX;PRE MSI
Kongdoo Monster;0;2;KSV eSports;PRE MSI
ROX Tigers;0;2;SK Telecom T1;PRE MSI
Kingzone DragonX;2;1;Afreeca Freecs;PRE MSI
Jin Air Green Wings;1;2;KT Rolster;PRE MSI
MVP;2;0;bbq Olivers;PRE MSI
Afreeca Freecs;2;0;KSV eSports;PRE MSI
KT Rolster;0;2;ROX Tigers;PRE MSI
Jin Air Green Wings;0;2;bbq Olivers;PRE MSI
Kingzone DragonX;2;0;MVP;PRE MSI
Afreeca Freecs;2;1;SK Telecom T1;PRE MSI
KT Rolster;2;0;Kongdoo Monster;PRE MSI
Kongdoo Monster;0;2;Kingzone DragonX;PRE MSI
ROX Tigers;2;0;bbq Olivers;PRE MSI
SK Telecom T1;2;1;Jin Air Green Wings;PRE MSI
KSV eSports;1;2;MVP;PRE MSI
SK Telecom T1;0;2;Kingzone DragonX;PRE MSI
ROX Tigers;0;2;MVP;PRE MSI
Jin Air Green Wings;2;0;Kongdoo Monster;PRE MSI
bbq Olivers;0;2;KSV eSports;PRE MSI
SK Telecom T1;0;2;KT Rolster;PRE MSI
Afreeca Freecs;2;0;ROX Tigers;PRE MSI
MVP;1;2;Jin Air Green Wings;PRE MSI
KT Rolster;1;2;KSV eSports;PRE MSI
Afreeca Freecs;2;0;Kongdoo Monster;PRE MSI
Kingzone DragonX;2;0;bbq Olivers;PRE MSI
ROX Tigers;1;2;Kingzone DragonX;PRE MSI
KSV eSports;2;1;Jin Air Green Wings;PRE MSI
MVP;2;1;Kongdoo Monster;PRE MSI
SK Telecom T1;1;2;bbq Olivers;PRE MSI
Jin Air Green Wings;1;2;Afreeca Freecs;PRE MSI
Kingzone DragonX;2;0;KT Rolster;PRE MSI
MVP;0;2;Afreeca Freecs;PRE MSI
bbq Olivers;1;2;KT Rolster;PRE MSI
KSV eSports;0;2;SK Telecom T1;PRE MSI
Kongdoo Monster;0;2;ROX Tigers;PRE MSI
MVP;0;2;KT Rolster;PRE MSI
bbq Olivers;0;2;Afreeca Freecs;PRE MSI
KSV eSports;1;2;ROX Tigers;PRE MSI
Kingzone DragonX;2;0;Jin Air Green Wings;PRE MSI
bbq Olivers;2;0;Kongdoo Monster;PRE MSI
SK Telecom T1;2;0;MVP;PRE MSI
KSV eSports;1;2;Kingzone DragonX;PRE MSI
ROX Tigers;1;2;Jin Air Green Wings;PRE MSI
Kongdoo Monster;1;2;SK Telecom T1;PRE MSI
KT Rolster;2;0;Afreeca Freecs;PRE MSI
1907 Fenerbahçe;0;1;BAUSuperMassive;PRE MSI
HWA Gaming;1;0;Royal Bandits;PRE MSI
Galakticos;1;0;YouthCrew Esports;PRE MSI
Team Aurora;0;1;Dark Passage;PRE MSI
Team Aurora;0;1;Galakticos;PRE MSI
Dark Passage;0;1;BAUSuperMassive;PRE MSI
YouthCrew Esports;1;0;HWA Gaming;PRE MSI
1907 Fenerbahçe;0;1;Royal Bandits;PRE MSI
Team Aurora;1;0;HWA Gaming;PRE MSI
Galakticos;0;1;BAUSuperMassive;PRE MSI
YouthCrew Esports;0;1;Royal Bandits;PRE MSI
1907 Fenerbahçe;1;0;Dark Passage;PRE MSI
HWA Gaming;0;1;BAUSuperMassive;PRE MSI
YouthCrew Esports;0;1;Team Aurora;PRE MSI
Royal Bandits;1;0;Dark Passage;PRE MSI
1907 Fenerbahçe;1;0;Galakticos;PRE MSI
Team Aurora;0;1;Royal Bandits;PRE MSI
YouthCrew Esports;0;1;BAUSuperMassive;PRE MSI
Galakticos;0;1;Dark Passage;PRE MSI
HWA Gaming;0;1;1907 Fenerbahçe;PRE MSI
Royal Bandits;1;0;Galakticos;PRE MSI
Team Aurora;0;1;BAUSuperMassive;PRE MSI
Dark Passage;1;0;HWA Gaming;PRE MSI
YouthCrew Esports;0;1;1907 Fenerbahçe;PRE MSI
Royal Bandits;0;1;BAUSuperMassive;PRE MSI
Galakticos;0;1;HWA Gaming;PRE MSI
1907 Fenerbahçe;1;0;Team Aurora;PRE MSI
Dark Passage;1;0;YouthCrew Esports;PRE MSI
Royal Bandits;0;1;HWA Gaming;PRE MSI
Galakticos;0;1;YouthCrew Esports;PRE MSI
Dark Passage;0;1;Team Aurora;PRE MSI
BAUSuperMassive;1;0;1907 Fenerbahçe;PRE MSI
YouthCrew Esports;1;0;HWA Gaming;PRE MSI
1907 Fenerbahçe;0;1;Royal Bandits;PRE MSI
Galakticos;0;1;Team Aurora;PRE MSI
Dark Passage;0;1;BAUSuperMassive;PRE MSI
Royal Bandits;1;0;YouthCrew Esports;PRE MSI
1907 Fenerbahçe;0;1;Dark Passage;PRE MSI
HWA Gaming;0;1;Team Aurora;PRE MSI
Galakticos;0;1;BAUSuperMassive;PRE MSI
Team Aurora;0;1;YouthCrew Esports;PRE MSI
Galakticos;0;1;1907 Fenerbahçe;PRE MSI
Dark Passage;1;0;Royal Bandits;PRE MSI
BAUSuperMassive;1;0;HWA Gaming;PRE MSI
Royal Bandits;1;0;Team Aurora;PRE MSI
Galakticos;0;1;Dark Passage;PRE MSI
YouthCrew Esports;0;1;BAUSuperMassive;PRE MSI
1907 Fenerbahçe;1;0;HWA Gaming;PRE MSI
Royal Bandits;1;0;Galakticos;PRE MSI
BAUSuperMassive;1;0;Team Aurora;PRE MSI
HWA Gaming;0;1;Dark Passage;PRE MSI
YouthCrew Esports;1;0;1907 Fenerbahçe;PRE MSI
Royal Bandits;0;1;BAUSuperMassive;PRE MSI
Galakticos;0;1;HWA Gaming;PRE MSI
YouthCrew Esports;1;0;Dark Passage;PRE MSI
Team Aurora;1;0;1907 Fenerbahçe;PRE MSI
Team Aurora;1;0;Dark Passage;PRE MSI
YouthCrew Esports;1;0;Galakticos;PRE MSI
1907 Fenerbahçe;0;1;BAUSuperMassive;PRE MSI
Royal Bandits;1;0;HWA Gaming;PRE MSI
1907 Fenerbahçe;0;1;Royal Bandits;PRE MSI
Team Aurora;1;0;Galakticos;PRE MSI
YouthCrew Esports;0;1;HWA Gaming;PRE MSI
Dark Passage;0;1;BAUSuperMassive;PRE MSI
Royal Bandits;1;0;YouthCrew Esports;PRE MSI
HWA Gaming;1;0;Team Aurora;PRE MSI
Dark Passage;0;1;1907 Fenerbahçe;PRE MSI
Galakticos;0;1;BAUSuperMassive;PRE MSI
Team Aurora;0;1;YouthCrew Esports;PRE MSI
Galakticos;0;1;1907 Fenerbahçe;PRE MSI
Royal Bandits;1;0;Dark Passage;PRE MSI
BAUSuperMassive;1;0;HWA Gaming;PRE MSI
Royal Bandits;1;0;Team Aurora;PRE MSI
Galakticos;0;1;Dark Passage;PRE MSI
BAUSuperMassive;1;0;YouthCrew Esports;PRE MSI
1907 Fenerbahçe;1;0;HWA Gaming;PRE MSI
1907 Fenerbahçe;1;0;YouthCrew Esports;PRE MSI
Royal Bandits;1;0;Galakticos;PRE MSI
HWA Gaming;1;0;Dark Passage;PRE MSI
Team Aurora;1;0;BAUSuperMassive;PRE MSI
Royal Bandits;0;1;BAUSuperMassive;PRE MSI
Galakticos;0;1;HWA Gaming;PRE MSI
Team Aurora;1;0;1907 Fenerbahçe;PRE MSI
Dark Passage;0;1;YouthCrew Esports;PRE MSI
Galakticos;0;1;YouthCrew Esports;PRE MSI
Royal Bandits;1;0;HWA Gaming;PRE MSI
1907 Fenerbahçe;1;0;BAUSuperMassive;PRE MSI
Team Aurora;0;1;Dark Passage;PRE MSI
HWA Gaming;0;1;YouthCrew Esports;PRE MSI
BAUSuperMassive;1;0;Dark Passage;PRE MSI
Galakticos;0;1;Team Aurora;PRE MSI
Royal Bandits;1;0;1907 Fenerbahçe;PRE MSI
BAUSuperMassive;1;0;Galakticos;PRE MSI
YouthCrew Esports;0;1;Royal Bandits;PRE MSI
Team Aurora;0;1;HWA Gaming;PRE MSI
Dark Passage;1;0;1907 Fenerbahçe;PRE MSI
HWA Gaming;0;1;BAUSuperMassive;PRE MSI
1907 Fenerbahçe;1;0;Galakticos;PRE MSI
Royal Bandits;1;0;Dark Passage;PRE MSI
Team Aurora;0;1;YouthCrew Esports;PRE MSI
Dark Passage;0;1;Galakticos;PRE MSI
HWA Gaming;0;1;1907 Fenerbahçe;PRE MSI
BAUSuperMassive;1;0;YouthCrew Esports;PRE MSI
Team Aurora;0;1;Royal Bandits;PRE MSI
HWA Gaming;1;0;Dark Passage;PRE MSI
Team Aurora;0;1;BAUSuperMassive;PRE MSI
YouthCrew Esports;1;0;1907 Fenerbahçe;PRE MSI
Royal Bandits;1;0;Galakticos;PRE MSI
HWA Gaming;1;0;Galakticos;PRE MSI
1907 Fenerbahçe;1;0;Team Aurora;PRE MSI
BAUSuperMassive;1;0;Royal Bandits;PRE MSI
Dark Passage;1;0;YouthCrew Esports;PRE MSI
V3 Esports;0;2;Pentagram;PRE MSI
Unsold Stuff Gaming;2;0;Rascal Jester;PRE MSI
Detonation FocusMe;2;1;7th Heaven;PRE MSI
V3 Esports;1;2;Rascal Jester;PRE MSI
Unsold Stuff Gaming;2;0;7th Heaven;PRE MSI
Detonation FocusMe;1;0;Pentagram;PRE MSI
Pentagram;0;1;7th Heaven;PRE MSI
V3 Esports;2;1;Unsold Stuff Gaming;PRE MSI
Rascal Jester;0;2;Detonation FocusMe;PRE MSI
Detonation FocusMe;2;0;V3 Esports;PRE MSI
Unsold Stuff Gaming;2;1;Pentagram;PRE MSI
7th Heaven;1;2;Rascal Jester;PRE MSI
V3 Esports;2;0;7th Heaven;PRE MSI
Pentagram;2;0;Rascal Jester;PRE MSI
Unsold Stuff Gaming;0;2;Detonation FocusMe;PRE MSI
Rascal Jester;0;2;Unsold Stuff Gaming;PRE MSI
7th Heaven;0;2;Detonation FocusMe;PRE MSI
V3 Esports;1;2;Pentagram;PRE MSI
7th Heaven;1;2;Unsold Stuff Gaming;PRE MSI
Rascal Jester;1;2;V3 Esports;PRE MSI
Rascal Jester;0;2;Detonation FocusMe;PRE MSI
7th Heaven;0;2;Pentagram;PRE MSI
V3 Esports;0;2;Unsold Stuff Gaming;PRE MSI
V3 Esports;0;2;Detonation FocusMe;PRE MSI
Pentagram;2;0;Unsold Stuff Gaming;PRE MSI
Rascal Jester;2;1;7th Heaven;PRE MSI
Rascal Jester;0;2;Pentagram;PRE MSI
Detonation FocusMe;2;1;Unsold Stuff Gaming;PRE MSI
7th Heaven;2;1;V3 Esports;PRE MSI
Legacy eSports;3;2;Avant Gaming;PRE MSI
Order;2;3;Legacy eSports;PRE MSI
Chiefs eSports Club;3;1;Legacy eSports;PRE MSI
Dire Wolves;3;2;Chiefs eSports Club;PRE MSI
Echo Fox Academy;3;1;Team Liquid Academy;PRE MSI
Cloud9 Academy;0;3;FlyQuest Academy;PRE MSI
FlyQuest Academy;3;2;Echo Fox Academy;PRE MSI
J Team;2;1;MAD Team;PRE MSI
Hong Kong Attitude;0;2;ahq e-Sports Club;PRE MSI
Machi E-Sports;2;1;Hong Kong Attitude;PRE MSI
Flash Wolves;2;1;Team Afro;PRE MSI
J Team;2;0;Hong Kong Attitude;PRE MSI
Team Afro;0;2;G-Rex;PRE MSI
ahq e-Sports Club;0;2;Machi E-Sports;PRE MSI
G-Rex;2;0;MAD Team;PRE MSI
G-Rex;2;0;Machi E-Sports;PRE MSI
MAD Team;2;1;ahq e-Sports Club;PRE MSI
J Team;2;1;Team Afro;PRE MSI
MAD Team;2;0;Machi E-Sports;PRE MSI
Flash Wolves;2;0;Hong Kong Attitude;PRE MSI
Flash Wolves;2;0;G-Rex;PRE MSI
G-Rex;2;1;Hong Kong Attitude;PRE MSI
ahq e-Sports Club;1;2;Flash Wolves;PRE MSI
ahq e-Sports Club;1;2;Team Afro;PRE MSI
J Team;1;2;Machi E-Sports;PRE MSI
MAD Team;2;1;Hong Kong Attitude;PRE MSI
MAD Team;0;2;Team Afro;PRE MSI
J Team;2;0;ahq e-Sports Club;PRE MSI
G-Rex;0;2;ahq e-Sports Club;PRE MSI
Machi E-Sports;0;2;Flash Wolves;PRE MSI
MAD Team;0;2;Flash Wolves;PRE MSI
Team Afro;1;2;Hong Kong Attitude;PRE MSI
G-Rex;2;1;J Team;PRE MSI
Team Afro;2;1;Machi E-Sports;PRE MSI
Flash Wolves;2;0;J Team;PRE MSI
Flash Wolves;2;0;Machi E-Sports;PRE MSI
Hong Kong Attitude;1;2;J Team;PRE MSI
MAD Team;0;2;G-Rex;PRE MSI
ahq e-Sports Club;2;0;Team Afro;PRE MSI
MAD Team;2;0;J Team;PRE MSI
ahq e-Sports Club;2;0;Hong Kong Attitude;PRE MSI
Team Afro;0;2;J Team;PRE MSI
Flash Wolves;0;2;G-Rex;PRE MSI
Machi E-Sports;2;0;Team Afro;PRE MSI
MAD Team;1;2;Hong Kong Attitude;PRE MSI
G-Rex;2;0;ahq e-Sports Club;PRE MSI
MAD Team;1;2;Flash Wolves;PRE MSI
ahq e-Sports Club;1;2;MAD Team;PRE MSI
Team Afro;0;2;Hong Kong Attitude;PRE MSI
G-Rex;2;0;Team Afro;PRE MSI
J Team;0;2;Machi E-Sports;PRE MSI
Team Afro;0;2;Flash Wolves;PRE MSI
G-Rex;2;0;J Team;PRE MSI
Machi E-Sports;2;0;MAD Team;PRE MSI
Hong Kong Attitude;1;2;G-Rex;PRE MSI
Machi E-Sports;2;1;ahq e-Sports Club;PRE MSI
Hong Kong Attitude;0;2;Flash Wolves;PRE MSI
Machi E-Sports;2;0;Hong Kong Attitude;PRE MSI
Team Afro;1;2;MAD Team;PRE MSI
ahq e-Sports Club;0;2;Flash Wolves;PRE MSI
Machi E-Sports;1;2;G-Rex;PRE MSI
Flash Wolves;2;0;J Team;PRE MSI
J Team;0;2;ahq e-Sports Club;PRE MSI
M19 Team;2;3;RoX;PRE MSI
Gambit Esports;3;1;Team Just Alpha;PRE MSI
Gambit Esports;3;0;RoX;PRE MSI
CNB e-Sports Club;3;2;ProGaming eSports;PRE MSI
Vivo Keyd;3;0;CNB e-Sports Club;PRE MSI
Red Canids;2;3;Vivo Keyd;PRE MSI
KaBuM! e-Sports;3;2;Vivo Keyd;PRE MSI
GIGABYTE Marines;3;1;Young Generation;PRE MSI
Ultimate;1;3;GIGABYTE Marines;PRE MSI
GIGABYTE Marines;2;3;EVOS Esports;PRE MSI
Team Liquid;3;0;Cloud9;PRE MSI
Team SoloMid;1;3;Clutch Gaming;PRE MSI
Echo Fox;1;3;Team Liquid;PRE MSI
100 Thieves;3;2;Clutch Gaming;PRE MSI
Echo Fox;3;0;Clutch Gaming;PRE MSI
100 Thieves;0;3;Team Liquid;PRE MSI
Invictus Gaming;1;2;Royal Never Give Up;PRE MSI
Topsports Gaming;0;2;Suning Gaming;PRE MSI
Bilibili Gaming;2;0;Vici Gaming;PRE MSI
Funplus Phoenix;0;2;Edward Gaming;PRE MSI
Rogue Warriors;2;0;Topsports Gaming;PRE MSI
JD Gaming;2;0;LGD Gaming;PRE MSI
OMG;0;2;Team WE;PRE MSI
Funplus Phoenix;2;1;Snake Esports;PRE MSI
Topsports Gaming;0;2;Royal Never Give Up;PRE MSI
Rogue Warriors;0;2;Invictus Gaming;PRE MSI
LGD Gaming;1;2;Suning Gaming;PRE MSI
Team WE;1;2;Bilibili Gaming;PRE MSI
OMG;2;0;Funplus Phoenix;PRE MSI
Snake Esports;2;0;Edward Gaming;PRE MSI
Rogue Warriors;2;1;Suning Gaming;PRE MSI
Topsports Gaming;0;2;JD Gaming;PRE MSI
Snake Esports;2;0;Team WE;PRE MSI
LGD Gaming;2;1;Royal Never Give Up;PRE MSI
JD Gaming;0;2;Invictus Gaming;PRE MSI
Bilibili Gaming;2;0;OMG;PRE MSI
Bilibili Gaming;0;2;Edward Gaming;PRE MSI
Vici Gaming;0;2;Team WE;PRE MSI
Funplus Phoenix;1;2;Team WE;PRE MSI
JD Gaming;2;1;Royal Never Give Up;PRE MSI
Rogue Warriors;1;2;LGD Gaming;PRE MSI
Vici Gaming;0;2;Snake Esports;PRE MSI
Topsports Gaming;0;2;Invictus Gaming;PRE MSI
OMG;1;2;Edward Gaming;PRE MSI
Royal Never Give Up;0;2;Rogue Warriors;PRE MSI
JD Gaming;2;1;Suning Gaming;PRE MSI
Topsports Gaming;1;2;LGD Gaming;PRE MSI
Bilibili Gaming;0;2;Snake Esports;PRE MSI
Suning Gaming;0;2;Invictus Gaming;PRE MSI
OMG;2;0;Vici Gaming;PRE MSI
Funplus Phoenix;0;2;Bilibili Gaming;PRE MSI
Vici Gaming;1;2;Edward Gaming;PRE MSI
JD Gaming;0;2;Rogue Warriors;PRE MSI
Suning Gaming;2;0;Royal Never Give Up;PRE MSI
Snake Esports;2;1;OMG;PRE MSI
LGD Gaming;1;2;Invictus Gaming;PRE MSI
Funplus Phoenix;2;0;Vici Gaming;PRE MSI
Team WE;1;2;Edward Gaming;PRE MSI
Royal Never Give Up;2;1;Bilibili Gaming;PRE MSI
Team WE;0;2;Rogue Warriors;PRE MSI
Vici Gaming;0;2;Suning Gaming;PRE MSI
LGD Gaming;1;2;Snake Esports;PRE MSI
Bilibili Gaming;2;0;Topsports Gaming;PRE MSI
Invictus Gaming;2;1;Funplus Phoenix;PRE MSI
Topsports Gaming;2;1;Vici Gaming;PRE MSI
OMG;0;2;Invictus Gaming;PRE MSI
JD Gaming;1;2;Funplus Phoenix;PRE MSI
LGD Gaming;0;2;Bilibili Gaming;PRE MSI
Invictus Gaming;2;0;Snake Esports;PRE MSI
Royal Never Give Up;2;1;Team WE;PRE MSI
Bilibili Gaming;1;2;Rogue Warriors;PRE MSI
Edward Gaming;2;0;Suning Gaming;PRE MSI
Team WE;2;0;JD Gaming;PRE MSI
Topsports Gaming;0;2;Funplus Phoenix;PRE MSI
Vici Gaming;1;2;Royal Never Give Up;PRE MSI
Rogue Warriors;2;0;Edward Gaming;PRE MSI
OMG;0;2;Suning Gaming;PRE MSI
Vici Gaming;2;0;LGD Gaming;PRE MSI
Funplus Phoenix;2;0;LGD Gaming;PRE MSI
Edward Gaming;0;2;Invictus Gaming;PRE MSI
Snake Esports;2;1;Suning Gaming;PRE MSI
Team WE;2;1;Topsports Gaming;PRE MSI
Funplus Phoenix;0;2;Royal Never Give Up;PRE MSI
JD Gaming;0;2;Edward Gaming;PRE MSI
Vici Gaming;0;2;Rogue Warriors;PRE MSI
Suning Gaming;1;2;Team WE;PRE MSI
OMG;0;2;Topsports Gaming;PRE MSI
Snake Esports;2;1;JD Gaming;PRE MSI
Suning Gaming;2;1;Funplus Phoenix;PRE MSI
Invictus Gaming;2;0;Bilibili Gaming;PRE MSI
Team WE;2;1;LGD Gaming;PRE MSI
OMG;0;2;JD Gaming;PRE MSI
Snake Esports;2;0;Topsports Gaming;PRE MSI
Royal Never Give Up;2;1;Edward Gaming;PRE MSI
Invictus Gaming;2;0;Vici Gaming;PRE MSI
Funplus Phoenix;0;2;Rogue Warriors;PRE MSI
LGD Gaming;0;2;OMG;PRE MSI
Bilibili Gaming;0;2;Suning Gaming;PRE MSI
Topsports Gaming;1;2;Edward Gaming;PRE MSI
Vici Gaming;1;2;JD Gaming;PRE MSI
Snake Esports;0;2;Rogue Warriors;PRE MSI
Royal Never Give Up;2;0;OMG;PRE MSI
Team WE;0;2;Invictus Gaming;PRE MSI
JD Gaming;1;2;Bilibili Gaming;PRE MSI
LGD Gaming;1;2;Edward Gaming;PRE MSI
OMG;0;2;Rogue Warriors;PRE MSI
Snake Esports;0;2;Royal Never Give Up;PRE MSI
Suning Gaming;2;1;Topsports Gaming;PRE MSI
Team WE;1;2;Funplus Phoenix;PRE MSI
LGD Gaming;0;2;Rogue Warriors;PRE MSI
JD Gaming;2;0;Royal Never Give Up;PRE MSI
Vici Gaming;2;0;OMG;PRE MSI
Snake Esports;2;1;Edward Gaming;PRE MSI
Invictus Gaming;2;0;JD Gaming;PRE MSI
Edward Gaming;2;0;Vici Gaming;PRE MSI
Topsports Gaming;0;2;Rogue Warriors;PRE MSI
Team WE;2;0;Bilibili Gaming;PRE MSI
Suning Gaming;1;2;LGD Gaming;PRE MSI
OMG;1;2;Edward Gaming;PRE MSI
Snake Esports;2;0;Vici Gaming;PRE MSI
Invictus Gaming;2;0;Royal Never Give Up;PRE MSI
Rogue Warriors;0;2;Suning Gaming;PRE MSI
JD Gaming;2;1;Topsports Gaming;PRE MSI
Funplus Phoenix;2;0;OMG;PRE MSI
Snake Esports;0;2;Bilibili Gaming;PRE MSI
Invictus Gaming;2;0;Topsports Gaming;PRE MSI
Suning Gaming;0;2;Royal Never Give Up;PRE MSI
LGD Gaming;2;1;JD Gaming;PRE MSI
Bilibili Gaming;2;0;Funplus Phoenix;PRE MSI
Invictus Gaming;2;0;Rogue Warriors;PRE MSI
Team WE;1;2;Edward Gaming;PRE MSI
LGD Gaming;2;1;Royal Never Give Up;PRE MSI
Bilibili Gaming;2;0;OMG;PRE MSI
Funplus Phoenix;2;0;Snake Esports;PRE MSI
Suning Gaming;1;2;JD Gaming;PRE MSI
Vici Gaming;0;2;Team WE;PRE MSI
Rogue Warriors;0;2;Royal Never Give Up;PRE MSI
Suning Gaming;1;2;Invictus Gaming;PRE MSI
Funplus Phoenix;0;2;Edward Gaming;PRE MSI
LGD Gaming;0;2;Topsports Gaming;PRE MSI
Snake Esports;0;2;OMG;PRE MSI
Bilibili Gaming;2;0;Vici Gaming;PRE MSI
Snake Esports;2;1;Team WE;PRE MSI
JD Gaming;2;1;Rogue Warriors;PRE MSI
Royal Never Give Up;2;0;Topsports Gaming;PRE MSI
Invictus Gaming;2;0;LGD Gaming;PRE MSI
Team WE;1;2;OMG;PRE MSI
Vici Gaming;1;2;Funplus Phoenix;PRE MSI
Bilibili Gaming;1;2;Edward Gaming;PRE MSI
Roccat;0;3;Splyce;PRE MSI
H2K;2;3;Team Vitality;PRE MSI
Splyce;1;3;G2 Esports;PRE MSI
Team Vitality;1;3;Fnatic;PRE MSI
Team Vitality;2;3;Splyce;PRE MSI
Fnatic;3;0;G2 Esports;PRE MSI
Unsold Stuff Gaming;1;3;Pentagram;PRE MSI
Pentagram;3;0;Detonation FocusMe;PRE MSI
Isurus Gaming;3;0;Legatum;PRE MSI
Furious Gaming;3;2;Hafnet eSports;PRE MSI
Kaos Latin Gamers;3;0;Isurus Gaming;PRE MSI
Furious Gaming;1;3;Rebirth eSports;PRE MSI
Rebirth eSports;2;3;Kaos Latin Gamers;PRE MSI
SK Telecom T1;2;1;KSV eSports;PRE MSI
SK Telecom T1;1;3;KT Rolster;PRE MSI
Afreeca Freecs;3;1;KT Rolster;PRE MSI
Afreeca Freecs;1;3;Kingzone DragonX;PRE MSI
Gaming Gaming;3;2;Predators eSports;PRE MSI
Dash9 Gaming;2;3;6Sense;PRE MSI
Gaming Gaming;0;3;Rainbow7;PRE MSI
Infinity eSports;3;1;6Sense;PRE MSI
Rainbow7;3;1;Infinity eSports;PRE MSI
Ever8 Winners;1;2;MVP;PRE MSI
Griffin;2;0;Kongdoo Monster;PRE MSI
Kongdoo Monster;2;1;Ever8 Winners;PRE MSI
MVP;1;3;Griffin;PRE MSI
MVP;3;2;Kongdoo Monster;PRE MSI
MAD Team;3;1;Machi E-Sports;PRE MSI
G-Rex;3;0;MAD Team;PRE MSI
Flash Wolves;3;0;G-Rex;PRE MSI
Team Aurora;3;1;1907 Fenerbahçe;PRE MSI
Dark Passage;0;3;YouthCrew Esports;PRE MSI
Team Aurora;1;3;BAUSuperMassive;PRE MSI
YouthCrew Esports;0;3;Royal Bandits;PRE MSI
Team Aurora;0;3;YouthCrew Esports;PRE MSI
Royal Bandits;1;3;BAUSuperMassive;PRE MSI
Team WE;0;2;Royal Never Give Up;PRE MSI
Bilibili Gaming;2;0;JD Gaming;PRE MSI
Royal Never Give Up;3;1;Snake Esports;PRE MSI
Bilibili Gaming;2;3;Rogue Warriors;PRE MSI
Royal Never Give Up;3;2;Invictus Gaming;PRE MSI
Rogue Warriors;1;3;Edward Gaming;PRE MSI
Rogue Warriors;3;1;Invictus Gaming;PRE MSI
Royal Never Give Up;3;1;Edward Gaming;PRE MSI
Penguins;0;1;Gamers Origin;PRE MSI
Misfits Academy;0;1;Millenium;PRE MSI
EURONICS Gaming;0;1;Klik Tech;PRE MSI
MAD Lions E.C.;1;0;Movistar Riders;PRE MSI
Illuminar Gaming;1;0;Ad Hoc Gaming;PRE MSI
Team Atlantis;1;0;Wind And Rain;PRE MSI
SPG eSports;0;1;MAD Lions E.C.;PRE MSI
exceL eSports;1;0;EURONICS Gaming;PRE MSI
Movistar Riders;0;1;Ninjas In Pyjamas;PRE MSI
Gamers Origin;1;0;Illuminar Gaming;PRE MSI
Klik Tech;1;0;Origen;PRE MSI
Team Atlantis;0;1;Misfits Academy;PRE MSI
Origen;1;0;exceL eSports;PRE MSI
Team Atlantis;0;1;Millenium;PRE MSI
Penguins;1;0;Illuminar Gaming;PRE MSI
Wind And Rain;0;1;Misfits Academy;PRE MSI
Gamers Origin;1;0;Ad Hoc Gaming;PRE MSI
SPG eSports;1;0;Ninjas In Pyjamas;PRE MSI
Movistar Riders;1;0;SPG eSports;PRE MSI
Penguins;1;0;Ad Hoc Gaming;PRE MSI
EURONICS Gaming;0;1;Origen;PRE MSI
Millenium;1;0;Wind And Rain;PRE MSI
Klik Tech;0;1;exceL eSports;PRE MSI
MAD Lions E.C.;1;0;Ninjas In Pyjamas;PRE MSI
SPG eSports;0;1;Ninjas In Pyjamas;PRE MSI
Klik Tech;0;1;exceL eSports;PRE MSI
Movistar Riders;1;0;SPG eSports;PRE MSI
Origen;1;0;exceL eSports;PRE MSI
Movistar Riders;1;0;Ninjas In Pyjamas;PRE MSI
Origen;1;0;Klik Tech;PRE MSI
Penguins;0;2;Ninjas In Pyjamas;PRE MSI
Klik Tech;2;0;Misfits Academy;PRE MSI
Team Atlantis;0;2;exceL eSports;PRE MSI
Movistar Riders;1;2;Illuminar Gaming;PRE MSI
Origen;2;1;Ninjas In Pyjamas;PRE MSI
MAD Lions E.C.;2;0;Klik Tech;PRE MSI
exceL eSports;0;2;Gamers Origin;PRE MSI
Illuminar Gaming;2;1;Millenium;PRE MSI
MAD Lions E.C.;1;2;Origen;PRE MSI
Gamers Origin;0;2;Illuminar Gaming;PRE MSI
Illuminar Gaming;0;3;Origen;PRE MSI
Gambit Esports;1;0;Kaos Latin Gamers;DAY1
Rainbow7;1;0;Ascension Gaming;DAY1
Gambit Esports;1;0;Ascension Gaming;DAY1
Rainbow7;0;1;Kaos Latin Gamers;DAY1
Kaos Latin Gamers;1;0;Ascension Gaming;DAY1
Rainbow7;0;1;Gambit Esports;DAY1
BAUSuperMassive;1;0;Dire Wolves;DAY2
KaBuM! e-Sports;1;0;Pentagram;DAY2
BAUSuperMassive;1;0;Pentagram;DAY2
KaBuM! e-Sports;0;1;Dire Wolves;DAY2
Dire Wolves;1;0;Pentagram;DAY2
KaBuM! e-Sports;0;1;BAUSuperMassive;DAY2
Ascension Gaming;1;0;Gambit Esports;DAY3
Kaos Latin Gamers;0;1;Rainbow7;DAY3
Ascension Gaming;0;1;Rainbow7;DAY3
Kaos Latin Gamers;0;1;Gambit Esports;DAY3
Gambit Esports;1;0;Rainbow7;DAY3
Ascension Gaming;1;0;Kaos Latin Gamers;DAY3
Pentagram;0;1;BAUSuperMassive;DAY4
Dire Wolves;0;1;KaBuM! e-Sports;DAY4
Pentagram;0;1;KaBuM! e-Sports;DAY4
Dire Wolves;0;1;BAUSuperMassive;DAY4
BAUSuperMassive;0;1;KaBuM! e-Sports;DAY4
Pentagram;1;0;Dire Wolves;DAY4
EVOS Esports;3;1;BAUSuperMassive;FINALS
Flash Wolves;3;0;Gambit Esports;FINALS
Fnatic;0;1;Royal Never Give Up;DAY1
EVOS Esports;0;1;Flash Wolves;DAY1
Kingzone DragonX;1;0;Team Liquid;DAY1
Flash Wolves;1;0;Fnatic;DAY1
Team Liquid;0;1;EVOS Esports;DAY1
Royal Never Give Up;0;1;Kingzone DragonX;DAY1
Kingzone DragonX;0;1;Fnatic;DAY2
Royal Never Give Up;1;0;EVOS Esports;DAY2
Team Liquid;0;1;Flash Wolves;DAY2
EVOS Esports;0;1;Kingzone DragonX;DAY2
Flash Wolves;1;0;Royal Never Give Up;DAY2
Fnatic;1;0;Team Liquid;DAY2
Royal Never Give Up;0;1;Team Liquid;DAY3
EVOS Esports;0;1;Fnatic;DAY3
Kingzone DragonX;0;1;Flash Wolves;DAY3
Royal Never Give Up;1;0;Fnatic;DAY3
Flash Wolves;1;0;EVOS Esports;DAY3
Team Liquid;0;1;Kingzone DragonX;DAY3
Kingzone DragonX;0;1;Royal Never Give Up;DAY4
Fnatic;1;0;Flash Wolves;DAY4
EVOS Esports;0;1;Team Liquid;DAY4
Royal Never Give Up;1;0;Flash Wolves;DAY4
Kingzone DragonX;1;0;EVOS Esports;DAY4
Team Liquid;1;0;Fnatic;DAY4
Fnatic;0;1;Kingzone DragonX;DAY5
EVOS Esports;0;1;Royal Never Give Up;DAY5
Flash Wolves;0;1;Team Liquid;DAY5
Fnatic;0;1;EVOS Esports;DAY5
Flash Wolves;1;0;Kingzone DragonX;DAY5
Team Liquid;0;1;Royal Never Give Up;DAY5
Flash Wolves;0;1;Royal Never Give Up;DAY5
Fnatic;1;0;Team Liquid;DAY5
Fnatic;0;3;Royal Never Give Up;SF
Flash Wolves;1;3;Kingzone DragonX;SF
Royal Never Give Up;3;1;Kingzone DragonX;FINALS
